"genre_id","genre_name"
"1","pop"
"2","australian pop"
"3","pop rap"
"4","melodic rap"
"5","rhode island rap"
"6","viral rap"
"7","viral pop"
"8","canadian pop"
"9","uk pop"
"10","dance pop"
"11","post-teen pop"
"12","dfw rap"
"13","rap"
"14","art pop"
"15","electropop"
"16","canadian contemporary r&b"
"17","north carolina hip hop"
"18","trap"
"19","pop r&b"
"20","slap house"
"21","pluggnb"
"22","canadian hip hop"
"23","vapor trap"
"24","dark trap"
"25","chicago rap"
"26","atl trap"
"27","atl hip hop"
"28","r&b en espanol"
"29","khaliji"
"30","khaleeji iraqi"
"31","baton rouge rap"
"32","contemporary country"
"33","country road"
"34","country"
"35","la pop"
"36","lgbtq+ hip hop"
"37","country rock"
"38","miami hip hop"
"39","emo rap"
"40","southern hip hop"
"41","hip hop"
"42","philly rap"
"43","progressive electro house"
"44","modern rock"
"45","pop dance"
"46","metropopolis"
"47","pop rock"
"48","brostep"
"49","edm"
"50","chill r&b"
"51","nigerian hip hop"
"52","dancehall"
"53","afro dancehall"
"54","grime"
"55","nigerian pop"
"56","uk hip hop"
"57","gangster rap"
"58","trap latino"
"59","reggaeton"
"60","reggaeton colombiano"
"61","indie poptimism"
"62","etherpop"
"63","electro house"
"64","tropical house"
"65","pop edm"
"66","boy band"
"67","indietronica"
"68","cali rap"
"69","rock"
"70","urban contemporary"
"71","r&b"
"72","opm"
"73","toronto rap"
"74","dirty south rap"
"75","escape room"
"76","minnesota hip hop"
"77","trap queen"
"78","neo mellow"
"79","alt z"
"80","pinoy hip hop"
"81","tagalog rap"
"82","sad lo-fi"
"83","sad rap"
"84","spanish indie pop"
"85","instrumental grime"
"86","talent show"
"87","pop house"
"88","uk dance"
"89","queens hip hop"
"90","hip pop"
"91","trap argentino"
"92","reggaeton flow"
"93","puerto rican pop"
"94","latin hip hop"
"95","trap boricua"
"96","funk carioca"
"97","funk pop"
"98","pagode baiano"
"99","latin pop"
"100","rap latina"
"101","pop nacional"
"102","pop argentino"
"103","dominican pop"
"104","colombian hip hop"
"105","bases de freestyle"
"106","trap triste"
"107","argentine hip hop"
"108","panamanian pop"
"109","colombian pop"
"110","pop reggaeton"
"111","cumbia pop"
"112","previa"
"113","cumbia 420"
"114","rkt"
"115","Unknown"
"116","argentine indie"
"117","latin arena pop"
"118","mexican pop"
"119","musica canaria"
"120","cumbia santafesina"
"121","cumbia villera"
"122","pop venezolano"
"123","r&b argentino"
"124","reggae fusion"
"125","canadian old school hip hop"
"126","house"
"127","moombahton"
"128","dembow"
"129","ninja"
"130","rap dominicano"
"131","electronic trap"
"132","perreo"
"133","circuit"
"134","guaracha"
"135","cuarteto"
"136","rock en espanol"
"137","argentine rock"
"138","cumbia chilena"
"139","german hip hop"
"140","hamburg hip hop"
"141","deep german hip hop"
"142","frauenrap"
"143","swedish hip hop"
"144","german cloud rap"
"145","german pop"
"146","slovenian pop"
"147","balkan hip hop"
"148","turbo folk"
"149","romanian pop"
"150","kosovan pop"
"151","german dance"
"152","albanian hip hop"
"153","german trap"
"154","eurovision"
"155","german house"
"156","german drill"
"157","future house"
"158","progressive house"
"159","german country"
"160","comic"
"161","german rock"
"162","piano rock"
"163","christlicher rap"
"164","italo dance"
"165","eurodance"
"166","melbourne bounce international"
"167","europop"
"168","dutch house"
"169","bubblegum dance"
"170","irish pop"
"171","folk-pop"
"172","gaming edm"
"173","big room"
"174","swedish eurodance"
"175","nordic house"
"176","german r&b"
"177","downtempo"
"178","australian electropop"
"179","australian dance"
"180","australian indie"
"181","nz pop"
"182","black americana"
"183","nz reggae"
"184","pacific islands pop"
"185","hollywood"
"186","australian trap"
"187","aussie drill"
"188","country rap"
"189","dance rock"
"190","alternative rock"
"191","permanent wave"
"192","alternative pop rock"
"193","neo-singer-songwriter"
"194","australian reggae fusion"
"195","show tunes"
"196","norwegian pop"
"197","covertronica"
"198","rap francais"
"199","francoton"
"200","french hip hop"
"201","pop urbaine"
"202","dutch cabaret"
"203","dutch trance"
"204","dutch pop"
"205","trance"
"206","dutch rock"
"207","variete francaise"
"208","belgian pop"
"209","basshall"
"210","rap marseille"
"211","dutch hip hop"
"212","rap conscient"
"213","rap belge"
"214","belgian hip hop"
"215","dutch rap pop"
"216","belgian dance"
"217","belgian edm"
"218","minimal tech house"
"219","dutch edm"
"220","melodic dubstep"
"221","album rock"
"222","mellow gold"
"223","soft rock"
"224","yacht rock"
"225","classic rock"
"226","glam rock"
"227","new romantic"
"228","synthpop"
"229","disco"
"230","new wave pop"
"231","new wave"
"232","pop soul"
"233","neo soul"
"234","sophisti-pop"
"235","brooklyn drill"
"236","chalga"
"237","bulgarian pop"
"238","macedonian folk"
"239","bulgarian hip hop"
"240","bulgarian rock"
"241","narodna muzika"
"242","macedonian hip hop"
"243","russian dance"
"244","russian pop"
"245","nueva musica mexicana"
"246","musica mexicana"
"247","ranchera"
"248","mariachi"
"249","venezuelan hip hop"
"250","trap venezolano"
"251","gruperas inmortales"
"252","banda"
"253","tropical"
"254","nu-cumbia"
"255","latin alternative"
"256","veracruz indie"
"257","bachata"
"258","latin viral pop"
"259","electro latino"
"260","sertanejo universitario"
"261","arrocha"
"262","brega funk"
"263","arrochadeira"
"264","pop lgbtq+ brasileira"
"265","funk 150 bpm"
"266","sertanejo"
"267","sertanejo pop"
"268","instrumental funk"
"269","funk consciente"
"270","forro"
"271","axe"
"272","pagode"
"273","funk paulista"
"274","rave funk"
"275","trap funk"
"276","funk ostentacao"
"277","funk mtg"
"278","forro de favela"
"279","r&b brasileiro"
"280","rap cearense"
"281","trap brasileiro"
"282","nova mpb"
"283","brazilian edm"
"284","folk brasileiro"
"285","pagode novo"
"286","viral pop brasileiro"
"287","adoracao"
"288","brazilian hip hop"
"289","g funk"
"290","west coast rap"
"291","trap baiano"
"292","rap nacional antigo"
"293","rap baiano"
"294","musica paranaense"
"295","musica capixaba"
"296","rap capixaba"
"297","rap df"
"298","rap feminino nacional"
"299","brazilian rock"
"300","mpb"
"301","afrofuturismo brasileiro"
"302","samba moderno"
"303","florida rap"
"304","metal"
"305","birmingham metal"
"306","hard rock"
"307","nyc rap"
"308","conscious hip hop"
"309","memphis hip hop"
"310","meme rap"
"311","italian pop"
"312","italian adult pop"
"313","reggaeton chileno"
"314","trap chileno"
"315","urbano espanol"
"316","urbano chileno"
"317","mambo chileno"
"318","rap chileno"
"319","neoperreo"
"320","musica popular colombiana"
"321","cumbia"
"322","colombian rock"
"323","salsa choke"
"324","vallenato moderno"
"325","champeta"
"326","vallenato"
"327","salsa"
"328","pop peruano"
"329","dancehall queen"
"330","jamaican dancehall"
"331","modern reggae"
"332","greek hip hop"
"333","greek pop"
"334","laiko"
"335","greek trap"
"336","italian hip hop"
"337","trap italiana"
"338","albanian pop"
"339","uk melodic rap"
"340","adult standards"
"341","lounge"
"342","rockabilly"
"343","easy listening"
"344","brill building pop"
"345","entehno"
"346","slovak hip hop"
"347","czsk emo rap"
"348","czech hip hop"
"349","czsk hip hop"
"350","czsk viral pop"
"351","czech drill"
"352","slovak trap"
"353","czech rock"
"354","czech pop rock"
"355","czech folk"
"356","czech punk"
"357","czech pop"
"358","czsk reggae"
"359","polish pop"
"360","czech singer-songwriter"
"361","czech folk rock"
"362","deep german indie"
"363","seattle hip hop"
"364","emo"
"365","german underground rap"
"366","german viral rap"
"367","german indie"
"368","hamburg indie"
"369","classic swedish pop"
"370","swedish pop"
"371","german alternative rap"
"372","turkish trap pop"
"373","danish pop"
"374","danish hip hop"
"375","scandipop"
"376","dakke dak"
"377","danish electronic"
"378","danish electropop"
"379","danish rock"
"380","danish alternative rock"
"381","danish post-punk"
"382","bachata dominicana"
"383","modern salsa"
"384","bass trap"
"385","arab trap"
"386","reggaeton mexicano"
"387","estonian hip hop"
"388","estonian pop"
"389","uzbek pop"
"390","kavkaz"
"391","russian gangster rap"
"392","russian hip hop"
"393","russian trap"
"394","estonian electronic"
"395","swedish synthpop"
"396","egyptian pop"
"397","egyptian trap"
"398","egyptian hip hop"
"399","arab pop"
"400","classic arab pop"
"401","arab folk"
"402","arab alternative"
"403","egyptian alternative"
"404","microtonal"
"405","mahraganat"
"406","shaabi"
"407","rif"
"408","moroccan pop"
"409","persian pop"
"410","belly dance"
"411","rap catala"
"412","trap catala"
"413","flamenco urbano"
"414","spanish pop"
"415","latin talent show"
"416","spanish hip hop"
"417","drill espanol"
"418","rap canario"
"419","pop flamenco"
"420","carnaval cadiz"
"421","spanish pop rock"
"422","finnish pop"
"423","finnish dance pop"
"424","finnish hip hop"
"425","finnish trap"
"426","suomirap"
"427","suomi rock"
"428","iskelma"
"429","classic finnish pop"
"430","classic iskelma"
"431","finnish alternative rock"
"432","finnish metal"
"433","industrial metal"
"434","alternative metal"
"435","neue deutsche harte"
"436","industrial"
"437","industrial rock"
"438","german metal"
"439","finnish pop punk"
"440","finnish punk"
"441","french pop"
"442","chanson"
"443","french rock"
"444","nouvelle chanson francaise"
"445","uk contemporary r&b"
"446","old school rap francais"
"447","rap congolais"
"448","rap calme"
"449","rap algerien"
"450","arabic hip hop"
"451","scottish rock"
"452","ukg revival"
"453","melodic drill"
"454","afroswing"
"455","nottingham hip hop"
"456","manchester hip hop"
"457","uk drill"
"458","london rap"
"459","indie anthem-folk"
"460","birmingham hip hop"
"461","birmingham indie"
"462","birmingham grime"
"463","cypriot hip hop"
"464","greek underground rap"
"465","sad sierreno"
"466","corrido"
"467","sierreno"
"468","norteno"
"469","k-pop"
"470","k-pop girl group"
"471","cantopop"
"472","c-pop"
"473","taiwan pop"
"474","mandopop"
"475","zhongguo feng"
"476","classic cantopop"
"477","hong kong rock"
"478","hong kong indie"
"479","k-pop boy group"
"480","chinese singer-songwriter"
"481","mainland chinese pop"
"482","chinese r&b"
"483","vapor pop"
"484","afropop"
"485","swedish dancehall"
"486","ghanaian hip hop"
"487","ska argentino"
"488","latin rock"
"489","magyar trap"
"490","hungarian pop"
"491","magyar alternative"
"492","hungarian rock"
"493","hungarian edm"
"494","hungarian hip hop"
"495","magyar retro dance"
"496","indonesian pop"
"497","bandung indie"
"498","indonesian folk pop"
"499","indonesian pop punk"
"500","indonesian indie"
"501","indonesian r&b"
"502","indonesian singer-songwriter"
"503","indonesian pop rock"
"504","indonesian jazz"
"505","malaysian pop"
"506","indonesian hip hop"
"507","dangdut"
"508","javanese dangdut"
"509","lagu jawa"
"510","indonesian alternative rock"
"511","norwegian indie"
"512","indonesian city pop"
"513","malang indie"
"514","indonesian folk"
"515","classic indonesian rock"
"516","indonesian rock"
"517","jazz pop"
"518","bedroom soul"
"519","glasgow indie"
"520","scottish indie rock"
"521","celtic rock"
"522","israeli pop"
"523","israeli mediterranean"
"524","mizrahi"
"525","israeli hip hop"
"526","classic israeli pop"
"527","israeli singer-songwriter"
"528","israeli trap"
"529","israeli rock"
"530","jewish pop"
"531","modern bollywood"
"532","desi pop"
"533","filmi"
"534","sufi"
"535","desi trap"
"536","desi hip hop"
"537","haryanvi pop"
"538","hare krishna"
"539","punjabi pop"
"540","bhangra"
"541","gujarati pop"
"542","hindi hip hop"
"543","indian indie"
"544","indian instrumental"
"545","punjabi hip hop"
"546","pakistani hip hop"
"547","indian edm"
"548","hindi indie"
"549","tamil pop"
"550","pakistani pop"
"551","classic bollywood"
"552","icelandic pop"
"553","icelandic hip hop"
"554","classic icelandic pop"
"555","icelandic rock"
"556","icelandic indie"
"557","icelandic electronic"
"558","icelandic jazz"
"559","icelandic singer-songwriter"
"560","icelandic folk"
"561","sunnlensk tonlist"
"562","italian reggae"
"563","pop virale italiano"
"564","rap napoletano"
"565","italian underground hip hop"
"566","rap genovese"
"567","rap sardegna"
"568","rome indie"
"569","trap metal italiana"
"570","emo rap italiano"
"571","drill italiana"
"572","indie liguria"
"573","fidget house"
"574","italian indie pop"
"575","italian pop rock"
"576","classic italian pop"
"577","anime rock"
"578","anime"
"579","j-pop"
"580","japanese punk rock"
"581","j-acoustic"
"582","j-pixie"
"583","j-rock"
"584","classic j-pop"
"585","kodomo no ongaku"
"586","j-poprock"
"587","j-punk"
"588","okinawan pop"
"589","okinawan folk"
"590","japanese singer-songwriter"
"591","japanese electropop"
"592","hokkaido indie"
"593","visual kei"
"594","japanese emo"
"595","j-pop boy group"
"596","j-division"
"597","japanese teen pop"
"598","japanese alternative rock"
"599","j-rap"
"600","josei rap"
"601","aussietronica"
"602","lithuanian trap"
"603","lithuanian hip hop"
"604","lithuanian pop"
"605","bedroom pop"
"606","pop paraguayo"
"607","hip hop tuga"
"608","rap criolo"
"609","east coast hip hop"
"610","latvian pop"
"611","latvian hip hop"
"612","russian emo rap"
"613","russian drill"
"614","belarusian hip hop"
"615","belarusian pop"
"616","rap maroc"
"617","rai"
"618","rap tunisien"
"619","north moroccan rap"
"620","tunisian pop"
"621","trap maroc"
"622","rai algerien"
"623","deep rai"
"624","mexican indie"
"625","chihuahua indie"
"626","indie triste"
"627","bolero"
"628","pittsburgh indie"
"629","corridos alternativos"
"630","corridos tumbados"
"631","chicago house"
"632","women's music"
"633","narco rap"
"634","mexican hip hop"
"635","lagu sabahan"
"636","singaporean hip hop"
"637","malay rap"
"638","malaysian hip hop"
"639","malaysian tamil pop"
"640","rock kapak"
"641","malaysian indie"
"642","canadian trap"
"643","underground hip hop"
"644","trap soul"
"645","channel pop"
"646","dutch singer-songwriter"
"647","nederpop"
"648","dutch americana"
"649","nederreggae"
"650","dutch indie rock"
"651","russelater"
"652","norwegian pop rap"
"653","fotbollslatar"
"654","norwegian hip hop"
"655","russian edm"
"656","scandinavian r&b"
"657","norwegian singer-songwriter"
"658","candy pop"
"659","norwegian rock"
"660","australian hip hop"
"661","folk rock"
"662","heartland rock"
"663","singer-songwriter"
"664","urbano latino"
"665","speedrun"
"666","dream smp"
"667","salsa peruana"
"668","pinoy trap"
"669","pinoy r&b"
"670","pinoy pop punk"
"671","pinoy indie"
"672","hawaiian hip hop"
"673","classic opm"
"674","pinoy rock"
"675","acoustic pop"
"676","polish trap"
"677","polish hip hop"
"678","polish electronica"
"679","polish alternative rap"
"680","junior eurovision"
"681","polish alternative rock"
"682","polish alternative"
"683","rap uliczny"
"684","polish indie"
"685","trap tuga"
"686","portuguese pop"
"687","chill baile"
"688","funana"
"689","rap angolano"
"690","batida"
"691","rap espanol"
"692","boom bap espanol"
"693","cumbia uruguaya"
"694","canto popular uruguayo"
"695","cumbia paraguaya"
"696","paraguayan rock"
"697","romanian trap"
"698","romanian rap"
"699","moldovan pop"
"700","romanian house"
"701","sheilat"
"702","pixie"
"703","video game music"
"704","pop punk"
"705","neon pop punk"
"706","syrian pop"
"707","anthem worship"
"708","nashville singer-songwriter"
"709","swedish trap"
"710","swedish drill"
"711","swedish trap pop"
"712","swedish gangsta rap"
"713","swedish idol pop"
"714","swedish pop rap"
"715","swedish electropop"
"716","barnmusik"
"717","swedish reggae"
"718","uppsala indie"
"719","social media pop"
"720","singaporean pop"
"721","singaporean mandopop"
"722","taiwan singer-songwriter"
"723","slovak pop"
"724","cumbia salvadorena"
"725","thai pop"
"726","thai indie pop"
"727","thai hip hop"
"728","thai teen pop"
"729","thai trap"
"730","thai idol"
"731","t-pop girl group"
"732","thai indie rock"
"733","thai folk"
"734","thai rock"
"735","greek house"
"736","thai viral pop"
"737","turkish hip hop"
"738","azeri rap"
"739","turkish trap"
"740","turkish alt pop"
"741","turkce drill"
"742","turkish pop"
"743","turkce kadin rap"
"744","turkish rock"
"745","new school turkce rap"
"746","turkish singer-songwriter"
"747","turkish alternative rock"
"748","karadeniz pop"
"749","deep turkish pop"
"750","turkish deep house"
"751","arabesk"
"752","turkish modern jazz"
"753","turkish alternative"
"754","taiwan hip hop"
"755","taiwan indie"
"756","taiwanese indie"
"757","singaporean singer-songwriter"
"758","malaysian mandopop"
"759","chinese indie"
"760","taiwan punk"
"761","taiwan idol pop"
"762","chinese viral pop"
"763","chinese electropop"
"764","tennessee hip hop"
"765","v-pop"
"766","vietnamese singer-songwriter"
"767","vietnamese hip hop"
"768","vietnamese trap"
"769","indie viet"
"770","vietnamese melodic rap"
"771","rock viet"
"772","amapiano"
"773","south african pop"
"774","afro soul"
"775","south african pop dance"
"776","south african alternative"
"777","bolobedu house"
"778","south african house"
"779","afrikaans hip hop"
"780","afro house"
"781","gqom"
"782","gengetone"
"783","xitsonga pop"
"784","south african hip hop"
"785","electronica argentina"
"786","argentine alternative rock"
"787","uk alternative pop"
"788","manele"
"789","pop rap brasileiro"
"790","musica triste brasileira"
"791","chilean indie"
"792","australian alternative rock"
"793","modern alternative rock"
"794","indie rock italiano"
"795","milan indie"
"796","r&b italiano"
"797","lithuanian indie"
"798","norske viser"
"799","talentkonkurranse"
"800","dmv rap"
"801","pinoy reggae"
"802","modern indie pop"
"803","deep pop edm"
"804","k-rap"
"805","korean pop"
"806","pittsburgh rap"
"807","austrian hip hop"
"808","deep house"
"809","deep euro house"
"810","ohio hip hop"
"811","otacore"
"812","anime lo-fi"
"813","kurdish hip hop"
"814","trap dominicano"
"815","neo-psychedelic"
"816","australian psych"
"817","spanish rock"
"818","indonesian lo-fi pop"
"819","irish folk"
"820","celtic"
"821","tollywood"
"822","folk rock italiano"
"823","italian alternative"
"824","houston rap"
"825","rap motywacja"
"826","south african trap"
"827","kasi rap"
"828","afro r&b"
"829","south african r&b"
"830","detroit hip hop"
"831","alternative r&b"
"832","hardcore hip hop"
"833","alternative hip hop"
"834","boom bap"
"835","battle rap"
"836","pop chileno"
"837","ritmo kombina"
"838","rap boricua"
"839","cantautor"
"840","trova"
"841","korean r&b"
"842","asian american hip hop"
"843","psychedelic trance"
"844","full on"
"845","progressive psytrance"
"846","telugu hip hop"
"847","classic tollywood"
"848","baltic post-punk"
"849","levenslied"
"850","dutch idol pop"
"851","indie pop"
"852","lo-fi beats"
"853","rap uruguayo"
"854","german singer-songwriter"
"855","brisbane indie"
"856","australian alternative pop"
"857","kleinkunst"
"858","estonian indie"
"859","estonian folk"
"860","baltic folk"
"861","soundtrack"
"862","deep groove house"
"863","indian fusion"
"864","lithuanian rock"
"865","dutch drill"
"866","carnaval"
"867","carnaval limburg"
"868","maluku pop"
"869","pinoy alternative rap"
"870","paraguayan indie"
"871","rap paraguayo"
"872","classic mandopop"
"873","kentucky hip hop"
"874","deep underground hip hop"
"875","rap mineiro"
"876","new orleans rap"
"877","new york drill"
"878","finnish drill"
"879","english indie rock"
"880","uk alternative hip hop"
"881","kent indie"
"882","greek drill"
"883","glam metal"
"884","orlando indie"
"885","bergamo indie"
"886","luxembourgian hip hop"
"887","luxembourgian pop"
"888","antilliaanse rap"
"889","deep big room"
"890","polish viral rap"
"891","thai pop rap"
"892","cologne indie"
"893","oakland hip hop"
"894","indie pop rap"
"895","bulgarian trap"
"896","balkan trap"
"897","girl group"
"898","lo-fi chill"
"899","finnish indie"
"900","finnish power metal"
"901","gothic symphonic metal"
"902","opera metal"
"903","gothic metal"
"904","power metal"
"905","symphonic metal"
"906","finnish reggae"
"907","uk dancehall"
"908","uae indie"
"909","hk-pop"
"910","hungarian underground rap"
"911","indie rockism"
"912","indie folk"
"913","icelandic metal"
"914","icelandic punk"
"915","turin indie"
"916","italian electronica"
"917","neo-classical"
"918","indie folk italiano"
"919","italian lounge"
"920","musica etnica"
"921","italian tenor"
"922","operatic pop"
"923","musica santomense"
"924","classic norwegian pop"
"925","canadian electronic"
"926","electra"
"927","gulf hip hop"
"928","melodipop"
"929","turkce slow sarkilar"
"930","alabama rap"
"931","bubblegrunge"
"932","batidao romantico"
"933","funk das antigas"
"934","comedy rap"
"935","classic danish pop"
"936","dansktop"
"937","estonian rock"
"938","trap antillais"
"939","drill francais"
"940","tamil hip hop"
"941","classic pakistani pop"
"942","maltese pop"
"943","dansband"
"944","danspunk"
"945","turkish jazz"
"946","korean ost"
"947","cubaton"
"948","filter house"
"949","electro"
"950","deep breakcore"
"951","discofox"
"952","partyschlager"
"953","schlager"
"954","cyber metal"
"955","vocal house"
"956","disco house"
"957","barnalog"
"958","classic malaysian pop"
"959","surinamese pop"
"960","norwegian country"
"961","danseband"
"962","norwegian folk rock"
"963","drill"
"964","chicago drill"
"965","mgp"
"966","gen z singer-songwriter"
"967","laulaja-lauluntekija"
"968","classic finnish rock"
"969","finnish electro"
"970","nu metal"
"971","groove metal"
"972","dutch indie"
"973","dutch trap"
"974","classic polish pop"
"975","polish rock"
"976","huzunlu sarkilar"
"977","detroit trap"
"978","indie soul"
"979","indie r&b"
"980","uk dnb"
"981","jump up"
"982","bass house"
"983","belarusian indie"
"984","russian alt pop"
"985","brazilian house"
"986","brazilian bass"
"987","wave"
"988","traprun"
"989","hong kong hip hop"
"990","smooth jazz"
"991","old school dancehall"
"992","japanese r&b"
"993","polish synthpop"
"994","slovak rock"
"995","christian pop"
"996","alternative dance"
"997","chillwave"
"998","new rave"
"999","bergen indie"
"1000","garage rock"
"1001","sheffield indie"
"1002","chicago bop"
"1003","tekk"
"1004","russian rave"
"1005","hard bass"
"1006","future garage"
"1007","uk funky"
"1008","gauze pop"
"1009","new jersey rap"
"1010","vlaamse rap"
"1011","volkspop"
"1012","austropop"
"1013","graz indie"
"1014","nashville sound"
"1015","classic country pop"
"1016","classic greek pop"
"1017","cancion melodica"
"1018","pop romantico"
"1019","reggae maghreb"
"1020","country dawn"
"1021","festigal"
"1022","acoustic opm"
"1023","gothenburg hip hop"
"1024","barbadian pop"
"1025","trap beats"
"1026","beats"
"1027","manguebeat"
"1028","boston hip hop"
"1029","czech metal"
"1030","deep tropical house"
"1031","lapland hip hop"
"1032","zouk riddim"
"1033","japanese pop rap"
"1034","hypnosis mic"
"1035","tecnobanda"
"1036","british singer-songwriter"
"1037","jalsat"
"1038","gothenburg indie"
"1039","swedish indie rock"
"1040","turkce remix"
"1041","oyun havasi"
"1042","la indie"
"1043","soul"
"1044","funk"
"1045","quiet storm"
"1046","ottawa rap"
"1047","flamenco"
"1048","rumba"
"1049","nueva cancion"
"1050","copla"
"1051","nuevo flamenco"
"1052","cante flamenco"
"1053","musical advocacy"
"1054","acoustic chill"
"1055","azonto"
"1056","azontobeats"
"1057","pop folk"
"1058","slovak indie"
"1059","modern alternative pop"
"1060","perth indie"
"1061","australian rock"
"1062","australian talent show"
"1063","british soul"
"1064","relaxative"
"1065","irish hip hop"
"1066","trap carioca"
"1067","trap pesado"
"1068","reggae en espanol"
"1069","madchester"
"1070","britpop"
"1071","beatlesque"
"1072","musique mahoraise"
"1073","french reggae"
"1074","musique guadeloupe"
"1075","rap antillais"
"1076","scam rap"
"1077","canadian singer-songwriter"
"1078","ectofolk"
"1079","lilith"
"1080","popping"
"1081","post-grunge"
"1082","christian rock"
"1083","rap rock"
"1084","christian alternative rock"
"1085","dancefloor dnb"
"1086","drum and bass"
"1087","classic romanian pop"
"1088","norrlandsk hip hop"
"1089","plugg"
"1090","russian electronic"
"1091","vintage french electronic"
"1092","rap tuga underground"
"1093","swedish soul"
"1094","classic belgian pop"
"1095","indie quebecois"
"1096","canadian electropop"
"1097","hip hop quebecois"
"1098","pop quebecois"
"1099","swiss indie"
"1100","danish pop rock"
"1101","hands up"
"1102","musica de intervencao"
"1103","portuguese jazz"
"1104","portuguese folk"
"1105","reggae"
"1106","roots reggae"
"1107","dub"
"1108","turkish folk"
"1109","turkish psych"
"1110","acoustic cover"
"1111","campursari"
"1112","dangdut koplo"
"1113","classic indo pop"
"1114","sovietwave"
"1115","russian post-punk"
"1116","kabyle"
"1117","country pop"
"1118","japanese soul"
"1119","city pop"
"1120","j-indie"
"1121","keroncong"
"1122","ghanaian alternative"
"1123","ghanaian pop"
"1124","sung poetry"
"1125","skansk musik"
"1126","chanson virale"
"1127","korean electronic"
"1128","afrofuturism"
"1129","russian indie"
"1130","norwegian jazz"
"1131","vintage norwegian pop"
"1132","turkish edm"
"1133","ukrainian pop"
"1134","argentine telepop"
"1135","kazakh pop"
"1136","kazakh hip hop"
"1137","persian rock"
"1138","colombian indie"
"1139","jazz puertorriqueno"
"1140","modern blues rock"
"1141","spanish modern rock"
"1142","turkish instrumental"
"1143","japanese dance pop"
"1144","vapor soul"
"1145","pinoy singer-songwriter"
"1146","cdo indie"
"1147","harlem hip hop"
"1148","transpop"
"1149","afghan rap"
"1150","rap underground espanol"
"1151","hamburg electronic"
"1152","lithuanian edm"
"1153","central asian hip hop"
"1154","jawaiian"
"1155","lithuanian electronic"
"1156","piseiro"
"1157","plug brasileiro"
"1158","happy hardcore"
"1159","german techno"
"1160","rap lyonnais"
"1161","alberta hip hop"
"1162","kizomba cabo-verdiana"
"1163","kizomba"
"1164","kizomba antigas"
"1165","indie surf"
"1166","latvian indie"
"1167","chinese idol pop"
"1168","turkish reggae"
"1169","roda de samba"
"1170","indie curitibano"
"1171","swiss hip hop"
"1172","swiss trap"
"1173","schweizer rap"
"1174","indonesian edm"
"1175","dream trance"
"1176","emo trap italiana"
"1177","rogaland musikk"
"1178","bisaya rap"
"1179","swedish folk pop"
"1180","swedish garage rock"
"1181","dalarna indie"
"1182","healing"
"1183","rock nacional"
"1184","cameroonian pop"
"1185","cypriot pop"
"1186","finnish soul"
"1187","nyc pop"
"1188","flamenco guitar"
"1189","world"
"1190","latvian folk"
"1191","latvian rock"
"1192","baltic classical"
"1193","classic latvian pop"
"1194","latin classical"
"1195","orchestral soundtrack"
"1196","argentine ambient"
"1197","latin soundtrack"
"1198","swedish blues"
"1199","svensk progg"
"1200","uk metalcore"
"1201","metalcore"
"1202","melodic metalcore"
"1203","hong kong tv drama"
"1204","indian singer-songwriter"
"1205","russian dance pop"
"1206","classic canadian rock"
"1207","drill tuga"
"1208","korean mask singer"
"1209","underground amapiano"
"1210","experimental r&b"
"1211","complextro"
"1212","trip hop"
"1213","funk mandelao"
"1214","funk bh"
"1215","tallava"
"1216","vietnamese bolero"
"1217","czsk hyperpop"
"1218","drill dominicano"
"1219","musica catalana"
"1220","reggae catala"
"1221","dangdut remix"
"1222","indonesian emo"
"1223","israeli indie"
"1224","russian grime"
"1225","kazakh indie"
"1226","russian drain"
"1227","russian underground rap"
"1228","russian punk"
"1229","hip house"
"1230","k-indie"
"1231","tin pan alley"
"1232","new england americana"
"1233","banjo"
"1234","bluegrass"
"1235","bluegrass gospel"
"1236","new americana"
"1237","progressive bluegrass"
"1238","armenian pop"
"1239","armenian hip hop"
"1240","musiikkia lapista"
"1241","french indie folk"
"1242","trondersk musikk"
"1243","peruvian hip hop"
"1244","trap peruano"
"1245","new weird finland"
"1246","russian viral rap"
"1247","turkce trap metal"
"1248","ukrainian rock"
"1249","ukrainian hip hop"
"1250","mongolian pop"
"1251","reggae uruguayo"
"1252","rock uruguayo"
"1253","eau claire indie"
"1254","melancholia"
"1255","trap mexicano"
"1256","phonk"
"1257","palestinian pop"
"1258","palestinian traditional"
"1259","j-pop girl group"
"1260","j-idol"
"1261","pop teen brasileiro"
"1262","brega romantico"
"1263","german reggae"
"1264","indonesian emo rap"
"1265","hyperpop"
"1266","shimmer pop"
"1267","rap underground mexicano"
"1268","rap conciencia"
"1269","norwegian trap"
"1270","pop costarricense"
"1271","indie tico"
"1272","russian viral pop"
"1273","anadolu rock"
"1274","shiver pop"
"1275","belgian rock"
"1276","belgian new wave"
"1277","jamaican hip hop"
"1278","traphall"
"1279","finnish edm"
"1280","uk house"
"1281","british alternative rock"
"1282","mexican edm"
"1283","pinoy idol pop"
"1284","rap portuense"
"1285","portland hip hop"
"1286","sesotho pop"
"1287","sesotho hip hop"
"1288","bayerischer rap"
"1289","swedish indie folk"
"1290","finnish idol pop"
"1291","musiikkia lapsille"
"1292","new french touch"
"1293","virginia hip hop"
"1294","lo-fi cover"
"1295","lo-fi product"
"1296","nz christian"
"1297","yemeni pop"
"1298","lebanese pop"
"1299","maldivian pop"
"1300","japanese jazztronica"
"1301","shibuya-kei"
"1302","mgpjr"
"1303","rap guineen"
"1304","post-punk argentina"
"1305","australian house"
"1306","rap baixada fluminense"
"1307","ukrainian indie"
"1308","outlaw country"
"1309","austrian pop"
"1310","british indie rock"
"1311","korean city pop"
"1312","canzone napoletana"
"1313","classic russian rock"
"1314","russian ska"
"1315","russian rock"
"1316","russian folk rock"
"1317","russian metal"
"1318","russian punk rock"
"1319","horror punk"
"1320","ukrainian edm"
"1321","rap montrealais"
"1322","g-house"
"1323","drift phonk"
"1324","crunk"
"1325","contemporary r&b"
"1326","sudanese pop"
"1327","sudanese hip hop"
"1328","cape town indie"
"1329","cologne hip hop"
"1330","australian country"
"1331","musique urbaine kinshasa"
"1332","ndombolo"
"1333","rumba congolaise"
"1334","cueca chilena"
"1335","folklore chileno"
"1336","hi-nrg"
"1337","epa dunk"
"1338","folk"
"1339","alternative country"
"1340","roots rock"
"1341","jazz funk"
"1342","weirdcore"
"1343","romanian rock"
"1344","lovers rock"
"1345","jordanian pop"
"1346","groove room"
"1347","dubstep"
"1348","belgian singer-songwriter"
"1349","classic nz pop"
"1350","nz singer-songwriter"
"1351","kiwi rock"
"1352","taiwanese indigenous"
"1353","rap inde"
"1354","aesthetic rap"
"1355","swiss pop"
"1356","liedermacher"
"1357","german pop rock"
"1358","musique comorienne"
"1359","south carolina hip hop"
"1360","canadian latin"
"1361","zhenskiy rep"
"1362","swedish indie pop"
"1363","german jazz rap"
"1364","trap colombiano"
"1365","finnish post-punk"
"1366","grupera"
"1367","phleng phuea chiwit"
"1368","thai folk rock"
"1369","venda pop"
"1370","venda rap"
"1371","macedonian pop"
"1372","funk viral"
"1373","vapor twitch"
"1374","drill brasileiro"
"1375","swedish jazz"
"1376","swedish singer-songwriter"
"1377","korean indie rock"
"1378","uk diy punk"
"1379","black punk"
"1380","j-metal"
"1381","kawaii metal"
"1382","comic metal"
"1383","idol rock"
"1384","halloween"
"1385","novelty"
"1386","indian folk"
"1387","electronica"
"1388","big beat"
"1389","latvian electronic"
"1390","belgian indie"
"1391","rap metal"
"1392","tvog"
"1393","anime drill"
"1394","irish drill"
"1395","smutny rap"
"1396","south african gospel"
"1397","naija worship"
"1398","south african jazz"
"1399","malawian hip hop"
"1400","musica andorra"
"1401","classic uk pop"
"1402","rock-and-roll"
"1403","blues rock"
"1404","art rock"
"1405","vocal jazz"
"1406","classic girl group"
"1407","greenlandic pop"
"1408","chicano rap"
"1409","spanish noise pop"
"1410","punk"
"1411","celtic punk"
"1412","folk punk"
"1413","radio symphony"
"1414","nordic orchestra"
"1415","orchestra"
"1416","reggae tuga"
"1417","russian reggae"
"1418","experimental pop"
"1419","experimental"
"1420","a cappella"
"1421","american folk revival"
"1422","swiss reggae"
"1423","chinderlieder"
"1424","mundart"
"1425","children's choir"
"1426","finnish choir"
"1427","faroese pop"
"1428","viking folk"
"1429","faroese indie"
"1430","rune folk"
"1431","kindermusik"
"1432","children's music"
"1433","oklahoma country"
"1434","musica jibara"
"1435","puerto rican folk"
"1436","modern country rock"
"1437","light music"
"1438","vocal harmony group"
"1439","deep adult standards"
"1440","man's orchestra"
"1441","motown"
"1442","classic czech pop"
"1443","danish singer-songwriter"
"1444","classic danish rock"
"1445","barnemusikk"
"1446","polish blues"
"1447","indonesian viral pop"
"1448","cerkes muzikleri"
"1449","swedish country"
"1450","ukrainian viral pop"
"1451","lagu iban"
"1452","classic schlager"
"1453","bubblegum pop"
"1454","rap siciliano"
"1455","japanese trap"
"1456","gospel singers"
"1457","norsk lovsang"
"1458","nordnorsk musikk"
"1459","russian indie rock"
"1460","norrbotten indie"
"1461","chinese hip hop"
"1462","ukrainian classical"
"1463","post-romantic era"
"1464","torch song"
"1465","jazz trio"
"1466","viet lo-fi"
"1467","indie rock"
"1468","argentine reggae"
"1469","gaming dubstep"
"1470","liquid funk"
"1471","trap angolano"
"1472","karadeniz turkuleri"
"1473","traditional country"
"1474","cowboy western"
"1475","yodeling"
"1476","swing"
"1477","australian indigenous"
"1478","jazz blues"
"1479","sunshine pop"
"1480","baroque pop"
"1481","psychedelic rock"
"1482","southern soul"
"1483","memphis soul"
"1484","soul blues"
"1485","classic soul"
"1486","chicago soul"
"1487","salsa venezolana"
"1488","slovak punk"
"1489","finnish heavy metal"
"1490","plugg francais"
"1491","gyerekdalok"
"1492","classic hungarian pop"
"1493","canadian country"
"1494","firenze indie"
"1495","vancouver indie"
"1496","tejano"
"1497","oslo indie"
"1498","norwegian americana"
"1499","arkansas country"
"1500","puirt-a-beul"
"1501","sleep"
"1502","salsa puertorriquena"
"1503","cuatro puertorriqueno"
"1504","cumbia peruana"
"1505","mluvene slovo"
"1506","slovak folk"
"1507","rozpravky"
"1508","moderne ludovky"
"1509","heligonka"
"1510","rusyn folk"
"1511","porro"
"1512","hard trance"
"1513","rap kreyol"
"1514","electro bailando"
"1515","electro-pop francais"
"1516","french synthpop"
"1517","nz hip hop"
"1518","chicha"
"1519","rap paraense"
"1520","middle east hip hop"
"1521","palestinian hip hop"
"1522","finnish melodeath"
"1523","finnish death metal"
"1524","melodic death metal"
"1525","french indie pop"
"1526","russian pop punk"
"1527","slovak electronic"
"1528","classic thai pop"
"1529","fremantle indie"
"1530","australian indie rock"
"1531","german trance"
"1532","chill pop"
"1533","violao"
"1534","bossa nova"
"1535","samba"
"1536","progressive thrash"
"1537","finnish progressive metal"
"1538","bow pop"
"1539","cello"
"1540","shanty"
"1541","kollywood"
"1542","deep talent show"
"1543","oulu metal"
"1544","trancecore"
"1545","ambient house"
"1546","irish singer-songwriter"
"1547","korean old school hip hop"
"1548","witch house"
"1549","russian witch house"
"1550","kawaii future bass"
"1551","proto-hyperpop"
"1552","future bass"
"1553","sami"
"1554","korean trap"
"1555","nederlandse hardstyle"
"1556","bc underground hip hop"
"1557","indie hip hop"
"1558","chill drill"
"1559","twee pop"
"1560","chinese indie rock"
"1561","hungarian metal"
"1562","indie siciliano"
"1563","rap italiano old school"
"1564","korean singer-songwriter"
"1565","noise pop"
"1566","rap francais nouvelle vague"
"1567","swedish alternative rock"
"1568","vocaloid"
"1569","bruneian pop"
"1570","lo-fi jazzhop"
"1571","vintage swedish pop"
"1572","lao hip hop"
"1573","lao pop"
"1574","turkish soundtrack"
"1575","electropowerpop"
"1576","stomp and holler"
"1577","pakistani folk"
"1578","qawwali"
"1579","korean underground rap"
"1580","neo classical metal"
"1581","melodic metal"
"1582","progressive metal"
"1583","nz dnb"
"1584","ukrainian folk rock"
"1585","latin afrobeat"
"1586","flamenco fusion"
"1587","spanish new wave"
"1588","rock andaluz"
"1589","son cubano"
"1590","latin jazz"
"1591","musica tradicional cubana"
"1592","neo-synthpop"
"1593","dutch musical"
"1594","ghent indie"
"1595","spectra"
"1596","gnawa"
"1597","tatar pop"
"1598","gotlandsk musik"
"1599","swedish metal"
"1600","swedish power metal"
"1601","thai folk pop"
"1602","tropicalia"
"1603","musica mocambicana"
"1604","monterrey indie"
"1605","austrian indie"
"1606","amharic pop"
"1607","hungarian indie"
"1608","panamanian rock"
"1609","russian synthpop"
"1610","texas country"
"1611","chicago indie"
"1612","antideutsche"
"1613","austin hip hop"
"1614","montreal indie"
"1615","musica tabasquena"
"1616","musica costena"
"1617","stomp pop"
"1618","scratch"
"1619","nu disco"
"1620","new jack swing"
"1621","cumbia amazonica"
"1622","palestinian alternative"
"1623","dabke"
"1624","cincinnati rap"
"1625","japanese chill rap"
"1626","xhosa hip hop"
"1627","south african underground rap"
"1628","malawian pop"
"1629","dreamo"
"1630","surf punk"
"1631","vegas indie"
"1632","nasyid"
"1633","rap politico"
"1634","melanesian pop"
"1635","solomon islands pop"
"1636","png pop"
"1637","old school atlanta hip hop"
"1638","afrikaans"
"1639","folclor afrocolombiano"
"1640","musica afroperuana"
"1641","puerto rican rock"
"1642","folklore peruano"
"1643","musica criolla"
"1644","minimal techno"
"1645","tech house"
"1646","float house"
"1647","microhouse"
"1648","glitchcore"
"1649","high vibe"
"1650","sky room"
"1651","rap toscana"
"1652","korean electropop"
"1653","k-rock"
"1654","korean dream pop"
"1655","zikir"
"1656","fado"
"1657","kuduro"
"1658","folklore paraguayo"
"1659","worship"
"1660","christian music"
"1661","ccm"
"1662","assamese pop"
"1663","fnaf"
"1664","gypsy punk"
"1665","kenyan hip hop"
"1666","indian lo-fi"
"1667","brooklyn indie"
"1668","icelandic choir"
"1669","norwegian classical"
"1670","norwegian choir"
"1671","eventyr"
"1672","choral"
"1673","classic russian pop"
"1674","mexican rock"
"1675","nerdcore brasileiro"
"1676","drill chileno"
"1677","portuguese rock"
"1678","surinamese hip hop"
"1679","chinese drama ost"
"1680","taiwan rock"
"1681","st louis rap"
"1682","hungarian folk"
"1683","hungarian punk"
"1684","marathi pop"
"1685","musica angolana"
"1686","kurdish pop"
"1687","danish metal"
"1688","yakut pop"
"1689","indonesian idol pop"
"1690","rap femenino mexicano"
"1691","concurso de talentos argentino"
"1692","reggae rock"
"1693","italian disco"
"1694","rawstyle"
"1695","xtra raw"
"1696","frenchcore"
"1697","chinese minyao"
"1698","finnish hard rock"
"1699","greek swing"
"1700","greek indie"
"1701","japanese viral pop"
"1702","bangladeshi hip hop"
"1703","viet remix"
"1704","folktronica"
"1705","dark disco"
"1706","french indietronica"
"1707","uk post-punk"
"1708","post-punk"
"1709","lagu timur"
"1710","slowed and reverb"
"1711","punk blues"
"1712","detroit rock"
"1713","canzone d'autore"
"1714","thai indie"
"1715","alte"
"1716","nwobhm"
"1717","british invasion"
"1718","merseybeat"
"1719","mollywood"
"1720","bemani"
"1721","grunge"
"1722","hyperpop en espanol"
"1723","classic korean pop"
"1724","canadian modern jazz"
"1725","writing"
"1726","tamaulipas rap"
"1727","cumbia boliviana"
"1728","sinhala pop"
"1729","sinhala indie"
"1730","funk capixaba"
"1731","german indie folk"
"1732","hawaiian"
"1733","drikkelek"
"1734","p-pop"
"1735","klubowe"
"1736","political hip hop"
"1737","bangla pop"
"1738","shatta"
"1739","dutch moombahton"
"1740","electro-industrial"
"1741","chinese melodic rap"
"1742","zxc"
"1743","bulgarian r&b"
"1744","waiata maori"
"1745","pop electronico"
"1746","swedish americana"
"1747","viet edm"
"1748","chilean rock"
"1749","cumbia ranchera"
"1750","folclor colombiano"
"1751","classic colombian pop"
"1752","dresden indie"
"1753","dainuojamoji poezija"
"1754","russian hyperpop"
"1755","scottish techno"
"1756","chamber pop"
"1757","ambient worship"
"1758","sacramento hip hop"
"1759","dutch r&b"
"1760","rap tico"
"1761","musica costarricense"
"1762","scottish singer-songwriter"
"1763","sped up"
"1764","gypsy jazz"
"1765","salsa colombiana"
"1766","ecuadorian pop"
"1767","north east england indie"
"1768","baltimore indie"
"1769","modern dream pop"
"1770","dream pop"
"1771","kansas city hip hop"
"1772","pink noise"
"1773","haryanvi hip hop"
"1774","boston indie"
"1775","parody"
"1776","destroy techno"
"1777","dark clubbing"
"1778","deep funk ostentacao"
"1779","bronx drill"
"1780","swedish underground rap"
"1781","indie garage rock"
"1782","disney"
"1783","underground power pop"
"1784","mississippi hip hop"
"1785","uk pop punk"
"1786","irish rock"
"1787","telugu folk"
"1788","grenada soca"
"1789","sertanejo tradicional"
"1790","musica baiana"
"1791","samba reggae"
"1792","mexican electronic"
"1793","rap ivoire"
"1794","chutney"
"1795","dark synthpop"
"1796","sigilkore"
"1797","p funk"
"1798","draga"
"1799","vintage tollywood"
"1800","japanese alternative pop"
"1801","german hyperpop"
"1802","jazz boom bap"
"1803","chillhop"
"1804","zespol dzieciecy"
"1805","plena uruguaya"
"1806","vlaamse kinderliedje"
"1807","oktoberfest"
"1808","merengue tipico"
"1809","musica tradicional dominicana"
"1810","merengue"
"1811","muzika l'yeladim"
"1812","telugu indie"
"1813","psychedelic hip hop"
"1814","solo wave"
"1815","russian minecraft"
"1816","cumbia sonidera"
"1817","classic turkish pop"
"1818","folklore argentino"
"1819","norwegian contemporary jazz"
"1820","south african modern jazz"
"1821","gambian hip hop"
"1822","trot"
"1823","norwegian punk rock"
"1824","spanish synthpop"
"1825","symphonic rock"
"1826","progressive rock"
"1827","cancion infantil mexicana"
"1828","musica nicaraguense"
"1829","musica para ninos"
"1830","hjemmesnekk"
"1831","nu jazz"
"1832","funk rock"
"1833","salsa international"
"1834","boogaloo"
"1835","bomba y plena"
"1836","tipico"
"1837","vietnamese pop"
"1838","scouse rap"
"1839","nordnorsk rap"
"1840","modern funk"
"1841","uk reggae"
"1842","southern rock"
"1843","ska jazz"
"1844","italian tech house"
"1845","barnsagor"
"1846","musik anak-anak"
"1847","hyperpop italiano"
"1848","indie electropop"
"1849","japanese metalcore"
"1850","japanese screamo"
"1851","gym hardstyle"
"1852","funk metal"
"1853","neomelodici"
"1854","comedia"
"1855","latino comedy"
"1856","australian children's music"
"1857","uplifting trance"
"1858","upstate ny rap"
"1859","buffalo hip hop"
"1860","hardcore techno"
"1861","gabba"
"1862","galician folk"
"1863","uk americana"
"1864","modern folk rock"
"1865","indian rock"
"1866","chinese new year"
"1867","lebanese indie"
"1868","soca"
"1869","persian hip hop"
"1870","danish indie pop"
"1871","britpop revival"
"1872","swiss rock"
"1873","progressive doom"
"1874","icelandic classical"
"1875","igbo pop"
"1876","westcoast flow"
"1877","cruise"
"1878","hiplife"
"1879","igbo rap"
"1880","melbourne bounce"
"1881","ambient pop"
"1882","shoegaze"
"1883","el paso indie"
"1884","nova musica pernambucana"
"1885","rap pernambucano"
"1886","contemporary vocal jazz"
"1887","vietnamese electronic"
"1888","nz gangsta rap"
"1889","polynesian hip hop"
"1890","guinean pop"
"1891","trondheim indie"
"1892","christian afrobeat"
"1893","musica portuguesa contemporanea"
"1894","deep minimal techno"
"1895","igbo trap"
"1896","fake"
"1897","new jersey underground rap"
"1898","sefardi"
"1899","belgian dnb"
"1900","welsh hip hop"
"1901","soviet synthpop"
"1902","venezuelan rock"
"1903","venezuelan indie"
"1904","iraqi hip hop"
"1905","rautalanka"
"1906","baltimore hip hop"
"1907","poezja spiewana"
"1908","reggae tico"
"1909","german metalcore"
"1910","croatian pop"
"1911","brighton indie"
"1912","sandalwood"
"1913","nightcore"
"1914","cartoon"
"1915","canadian rock"
"1916","ukrainian post-punk"
"1917","ukrainian folk pop"
"1918","south african deep house"
"1919","latinx alternative"
"1920","kyrgyz hip hop"
"1921","chinese metalcore"
"1922","taiwan metal"
"1923","kwaito"
"1924","columbus ohio indie"
"1925","tropical alternativo"
"1926","puerto rican indie"
"1927","latintronica"
"1928","vincy soca"
"1929","pakistani electronic"
"1930","pakistani indie"
"1931","balochi pop"
"1932","ghazal"
"1933","pakistani rock"
"1934","indian electronic"
"1935","devon indie"
"1936","musica andina chilena"
"1937","muzica moldoveneasca"
"1938","czsk electropop"
"1939","swiss singer-songwriter"
"1940","classic kollywood"
"1941","early modern classical"
"1942","swedish classical"
"1943","indonesian post-hardcore"
"1944","afghan pop"
"1945","rap underground argentino"
"1946","rap regio"
"1947","nueva ola chilena"
"1948","libyan hip hop"
"1949","seattle indie"
"1950","czech alternative rap"
"1951","semba"
"1952","tribal house"
"1953","j-reggae"
"1954","boy pop"
"1955","muzica etno"
"1956","ukrainian alternative rock"
"1957","samurai trap"
"1958","thrash metal"
"1959","old school thrash"
"1960","uk garage"
"1961","himachali pop"
"1962","volksmusik"
"1963","funky house"
"1964","soulful house"
"1965","mumbai indie"
"1966","south african choral"
"1967","neo-manele"
"1968","semarang indie"
"1969","asakaa"
"1970","bongo flava"
"1971","russian trap metal"
"1972","experimental house"
"1973","breaks"
"1974","scenecore"
"1975","electro swing"
"1976","swamp rock"
"1977","xinyao"
"1978","malayalam hip hop"
"1979","emo trap en espanol"
"1980","naija old school"
"1981","highlife"
"1982","piratenmuziek"
"1983","portuguese indie rock"
"1984","portuguese indie"
"1985","screamo"
"1986","scream rap"
"1987","arab electronic"
"1988","new delhi indie"
"1989","malaysian punk"
"1990","norwegian alternative rock"
"1991","rogaland indie"
"1992","dark cabaret"
"1993","russian chanson"
"1994","urbano mexicano"
"1995","grime brasileiro"
"1996","boston rock"
"1997","uk christian rap"
"1998","christian hip hop"
"1999","hardwave"
"2000","arabic jazz"
"2001","dark techno"
"2002","polish old school hip hop"
"2003","musica chihuahuense"
"2004","maltese hip hop"
"2005","pop emo"
"2006","dub metal"
"2007","new isolationism"
"2008","dark jazz"
"2009","outsider house"
"2010","weightless"
"2011","toronto indie"
"2012","rock chapin"
"2013","guatemalan pop"
"2014","idol"
"2015","indiecoustica"
"2016","balearic"
"2017","french tech house"
"2018","french techno"
"2019","socal pop punk"
"2020","dark rock"
"2021","funk rj"
"2022","zim hip hop"
"2023","kenyan pop"
"2024","zimdancehall"
"2025","oc rap"
"2026","chinese audiophile"
"2027","nordic soundtrack"
"2028","trinibad"
"2029","bosnian pop"
"2030","japanese ska"
"2031","ska"
"2032","honeyworks"
"2033","afro drill"
"2034","gaita zuliana"
"2035","classic venezuelan pop"
"2036","alt-idol"
"2037","turntablism"
"2038","cloud rap francais"
"2039","chanson humoristique"
"2040","new beat"
"2041","musica llanera"
"2042","sgija"
"2043","florida drill"
"2044","lata"
"2045","polish drill"
"2046","deboxe"
"2047","dancehall chileno"
"2048","japanese vtuber"
"2049","chaabi marocain"
"2050","classic moroccan pop"
"2051","norteno-sax"
"2052","classic city pop"
"2053","idol kayo"
"2054","pinoy indie rock"
"2055","uwielbienie"
"2056","cuatro venezolano"
"2057","lo-fi indie"
"2058","edmonton indie"
"2059","neue neue deutsche welle"
"2060","nasheed"
"2061","sholawat"
"2062","boston folk"
"2063","classic sierreno"
"2064","kermis"
"2065","kentucky indie"
"2066","kentucky roots"
"2067","punjabi lo-fi"
"2068","maskandi"
"2069","zambian hip hop"
"2070","italian soundtrack"
"2071","kolsche karneval"
"2072","japanese indie pop"
"2073","folkmusik"
"2074","serbian electronic"
"2075","brazilian gospel"
"2076","musica sinaloense"
"2077","electronica venezuela"
"2078","swazi pop"
"2079","rap mocambicana"
"2080","german boom bap"
"2081","bard"
"2082","dutch tech house"
"2083","phonk brasileiro"
"2084","cantautora argentina"
"2085","hel"
"2086","speed up turkce"
"2087","intelligent dance music"
"2088","irish accordion"
"2089","irish country"
"2090","irish pub song"
"2091","naat"
"2092","azeri traditional"
"2093","chinese talent show"
"2094","bubble trance"
"2095","indie napoletano"
"2096","japanese post-hardcore"
"2097","beninese pop"
"2098","riddim"
"2099","sepedi pop"
